year;title;genre
2022;На берегах Невы;Публицистика
2022;Федиатрия. Что делать, если у вас ребенок;Здоровье
2022;Ученье — свет, а богов тьма;Фэнтези
2022;Карма. Том 2;Фантастика
2022;Карма. Том 2;Фантастика
2022;Горничная;Детективы
2022;Маленькая тайна мисс Бишоп;Фэнтези
2022;Некроманс. Opus 1;Фэнтези
2022;О книге;Приключения
2022;Мой муж — враг мой;Фэнтези
2022;Шолох. Призрачные рощи;Фэнтези
2022;Детство Чика;Детская литература
2022;Цветок Империи;Фэнтези
2022;Сокровище для белого дракона;Фэнтези
2022;Дети деньги не зарабатывают. Разрешите себе вырасти и обрести финансовую свободу;Финансы
2022;Школа в наследство для попаданки – 2. Жена некроманта;Фэнтези
2022;Мечтавший о солнце. Письма 1883-1890 годов;Биография и мемуары
2022;Кризис и Власть. Том I. Лестница в небо / 2-е издание переработанное и дополненное;Публицистика
2022;Школа чернокнижников. Темная метка;Фэнтези
2022;Война на уничтожение. Третий рейх и геноцид советского народа / Издание 2-е, переработанное и дополненное;Публицистика
2022;Текст, который продает. Посты для соцсетей, статьи для блогов, тексты для маркетплейсов;Бизнес
2022;От 800 метров до марафона. Проверенные методы и программы подготовки для успеха на любой дистанции / 5-е издание, дополненное и переработанное;Спорт
2022;Вересковый мед;Фэнтези
2022;Изоморф. Магистр;Фэнтези
2022;Крах Великой империи. Загадочная история самой крупной геополитической катастрофы;Публицистика
2022;Ведьма по обмену;Фэнтези
2022;Энергия жизни / Второе издание;Религия
2022;Роды просто / 2-е издание, дополненное и переработанное;Здоровье
2022;Ребенок для магиссы;Фэнтези
2022;Правила выживания в Джакарте;Боевик
2022;От войны до войны;Фэнтези
2022;Невеста на полчаса. Книга вторая;Фэнтези
2022;Девочка Шаха;Любовные романы
2022;Тень;Мистика
2022;Увлекательная химия / 11-е издание, исправленное;Учебная литература
2022;Игра слов. Практика и идеология художественного перевода;Бизнес
2022;Факультет Драконьих наездниц;Фэнтези
2022;Азиль;Фантастика
2022;Простите, ректор! Так получилось…;Фэнтези
2022;Зачет по тварезнанию;Фэнтези
2022;В двух шагах от смерти;Детективы
2022;Увлекательная астрономия / 9-е издание, исправленное;Учебная литература
2022;Жёлтая магнолия;Фэнтези
2022;Южная роза;Любовные романы
2022;Биполярники. Как живут и справляются с собой люди с биполярным расстройством / 2-е издание, исправленное, дополненное;Здоровье
2022;Петербург Достоевского. Исторический путеводитель / 2-е издание, переработанное и дополненное;Путеводители
2022;Враг един. Книга первая. Слуга отречения;Мистика
2022;Жлобология 2.1. Откуда берутся деньги и почему не у меня?;Финансы
2022;Ген высоты. Откровенная история десятикратного восходителя на Эверест;Спорт
2022;Бизнес-процессы. Как их описать, отладить и внедрить. Практикум;Бизнес
2022;Ведьма по призванию;Фэнтези
2022;Девушка, которая упала в море;Фэнтези
2022;Хотеть касаться;Любовные романы
2022;Когда ты будешь моей;Любовные романы
2022;Как устроен человек;Учебная литература
2022;Не моя чашка чая;Любовные романы
2022;Правила бессмысленного финансового поведения;Финансы
2022;Соло для позвоночника – в упражнениях!;Здоровье
2022;Воображаемый враг: Иноверцы в средневековой иконографии;Научная литература
2022;Невеста Князя Льда, или Отбор по расписанию;Фэнтези
2022;Карамелька. Военно-космическая академия;Фэнтези
2022;Мадам / Сборник;Юмор
2022;Россия в огне Гражданской войны;Публицистика
2022;Три стороны камня;Современная зарубежная и русская литература
2022;Академия фамильяров. Секрет темного прошлого;Фэнтези
2022;Чёрная жемчужина Аира;Фэнтези
2022;Лионель Месси: до и после Барселоны;Спорт
2022;Тайна личности Ленина;Публицистика
2022;Жена поневоле;Любовные романы
2022;Здравствуйте, я ваша фея, или Няням вход запрещен;Фэнтези
2022;Поцелуй по-эльфийски;Фэнтези
2022;Вдребезги;Любовные романы
2022;Командир Красной Армии: Командир Красной Армии. Офицер Красной Армии / Сборник;Фантастика
2022;Академия магического стриптиза;Фэнтези
2022;Варлорд. Путеводная звезда. Том I;Фэнтези
2022;Богиня глюкозы. Нормализуйте уровень сахара в крови, чтобы изменить свою жизнь;Здоровье
2022;Тайна архивариуса сыскной полиции;Фэнтези
2022;Одноклассники бывшими не бывают;Любовные романы
2022;Воскресный папа;Любовные романы
2022;Игра топа;Фэнтези
2022;Все по-настоящему;Любовные романы
2022;Леди-гувернантка;Фэнтези
2022;Ведома зверюшка;Фэнтези
2022;Куплю счастье. Дорого;Любовные романы
2022;Складка времени. Сущность и критерии;Психология
2022;Хулиномика. Элитно, подробно, подарочно!;Экономика
2022;Случайная жена для Владыки Огня;Фэнтези
2022;Любовь вслепую;Любовные романы
2022;Рецепт идеального мужчины;Фэнтези
2022;Герцогиня – 2;Фэнтези
2022;Возвратный тоталитаризм. Том 1;Социология
2022;Неидеальная пара;Любовные романы
2022;Любовь (не) предлагать Или сделка с подвохом;Фэнтези
2022;Единственная. Твоя;Фэнтези
2022;Пари на мышку;Любовные романы
2022;Повелитель вещей;Современная зарубежная и русская литература
2022;Таро и Хиро. Становление адских правителей;Фэнтези
2022;Чарли 2.0 / Рассказы. 2-е издание.;Юмор
2022;Убить Сталина. Реальные истории покушений и заговоров против советского вождя;Публицистика
2022;Треугольник Карпмана;Триллер
2021;Vita Nostra. Работа над ошибками;Фантастика
2021;Сестра ночи;Фэнтези
2021;Дом на перекрестке. Под небом четырех миров;Фэнтези
2021;Королевская кровь. Расколотый мир;Фэнтези
2021;Передружба. Недоотношения;Любовные романы
2021;Сентябрь;Фантастика
2021;Тайм-драйв. Как успевать жить и работать / 30-е издание, переработанное;Психология
2021;Доверься мне;Любовные романы
2021;Обещания богов;Триллер
2021;Кролики и удавы / Повести;Классическая проза
2021;Из моего окна;Любовные романы
2021;Я такой как все / 5-е издание, дополненное;Бизнес
2021;Лабиринт;Киберпанк
2021;Непрожитая жизнь;Любовные романы
2021;Танамор. Опасное наследство;Фэнтези
2021;Шолох. Тень разрастается;Фэнтези
2021;Тот, кто ловит мотыльков;Детективы
2021;Любовь в эпоху ненависти. Хроника одного чувства, 1929-1939;Публицистика
2021;Недопесок / Повести;Детская литература
2021;Дорога в Китеж (адаптирована под iPad);Детективы
2021;Стамбульский бастард;Драма
2021;104 страницы про любовь / Сборник;Современная зарубежная и русская литература
2021;Царство Проклятых;Фэнтези
2021;Роман;Контркультура
2021;Школа на краю света. Драконий дар;Фэнтези
2021;World of Warcraft. По ту сторону Темного портала;Фэнтези
2021;Секрет исчезающей картины;Детективы
2021;Если б не было тебя;Проза
2021;Восемь;Современная зарубежная и русская литература
2021;Рассказы Люси Синицыной, ученицы третьего класса / Сборник;Детская литература
2021;Теремок;Детская литература
2021;Синтонимы. Больно быть с тем, кто…;Фэнтези
2021;Дракон коварный, одна штука;Фэнтези
2021;Падающая звезда;Любовные романы
2021;Прощай, Гульсары! / Сборник;Классическая проза
2021;Невест-то много, я одна. Книга 2;Фэнтези
2021;Подарок богини зимы, или Стукнутый в голову инопришеленец;Фэнтези
2021;Арканум. Алтарь Горгоны;Фэнтези
2021;Вы дозвонились до Сэма;Мистика
2021;Одинокий некромант желает познакомиться;Фэнтези
2021;Приемная мама. Как я себе это представляла и как все оказалось на самом деле;Психология
2021;Грация королевы небес. Тайна Марко;Любовные романы
2021;Искажающие реальность. Книга 9. Тайна Пирамиды Реликтов;Фантастика
2021;Наследие Предков;Фэнтези
2021;Иллюзии чистого холста;Триллер
2021;Полное собрание стихотворений;Драма
2021;Введение в мифологию;Научная литература
2021;Сокровенно;Фэнтези
2021;Древний. Предыстория. Книга седьмая. Опасная фаза;Фантастика
2021;Липовая жена / Сборник;Современная зарубежная и русская литература
2021;Три женщины в городском пейзаже / Сборник;Проза
2021;Вальхен;Книги о войне
2021;Дом на Озёрной;Проза
2021;Остров пропавших деревьев;Современная зарубежная и русская литература
2021;Незавидная невеста;Фэнтези
2021;(Не) пара для короля;Фэнтези
2021;Чувство стыда. Как перестать бояться быть неправильно воспринятым;Психология
2021;Звезды Шамана. Философия Шамана;Эзотерика / оккультизм
2021;Рахиль;Проза
2021;Девчонки, я приехал!;Детективы
2021;Магнификус II;Фэнтези
2021;Властители льдов;Фэнтези
2021;Аратта. Книга 5. Зимняя жертва;Фэнтези
2021;Темный поцелуй;Фэнтези
2021;Охота на охотника;Фэнтези
2021;Приговоренная к браку;Фэнтези
2021;Воронихи;Фэнтези
2021;Ловец душ и навья невеста;Фэнтези
2021;Записки на кардиограммах / Сборник;Проза
2021;Лето потерянных писем;Любовные романы
2021;Любить дракона;Фэнтези
2021;Философия безмятежности. Тетрафармакос Эпикура;Научная литература
2021;Эмили;Фэнтези
2021;Физика на пальцах. Для детей и родителей, которые хотят объяснять детям;Учебная литература
2021;Небо глазами драконов;Фэнтези
2021;Навия. Возвращение;Фэнтези
2021;Дорога смертной тени;Триллер
2021;Моя девушка на выходные;Любовные романы
2021;Репутация в сети. Как формировать репутацию в сети, создавать фанатов своего бренда и защищаться от информационных атак;Бизнес
2021;Змеиная школа. Первое испытание;Фэнтези
2021;Клиника верности;Любовные романы
2021;Еретик;Фэнтези
2021;Доктор, почему Гарри Поттер? Персонажная психология в жизни;Психология
2021;Змеиная школа. Королева нагов;Фэнтези
2021;Психолог для некроманта;Фэнтези
2021;Проклятье иллюзий;Фэнтези
2021;Ноктамбула. Кошмары;Мистика
2021;Ковен заблудших ведьм;Фэнтези
2021;Салон красоты мадам попаданки;Фэнтези
2021;Дрянная помощница для мастера;Юмор
2021;Белая акула;Триллер
2021;XXL;Юмор
2021;Тайные ходы Венисаны;Фэнтези
2021;Палата на солнечной стороне. Новые байки добрых психиатров;Юмор
2021;Рог Мессии. Книги первая и вторая;Книги о войне
2021;Алтарь;Фэнтези
2021;Охота;Детективы
2021;Черная Дама, Белый Валет;Фэнтези
2021;Невеста из другого мира;Фэнтези
2021;Семь горных воронов;Фэнтези
2020;Боевая практика книгоходцев;Фэнтези
2020;Жил-был раз, жил-был два;Детективы
2020;Живые люди;Социальная фантастика
2020;Девушка из песни;Любовные романы
2020;Счастье по-драконьи. Новый год в Академии;Фэнтези
2020;Под опасным солнцем;Детективы
2020;Записки из скорой помощи;Проза
2020;Вообрази меня / Сборник;Фэнтези
2020;Токсичные люди. Как защититься от нарциссов, газлайтеров, психопатов и других манипуляторов;Психология
2020;Сырок. История моей жизни и бизнеса / 5-е издание, исправленное и дополненное;Бизнес
2020;Секрет маленького отеля;Детская литература
2020;Последний рейс;Триллер
2020;Поменяться местами;Любовные романы
2020;World of Warcraft. Темный прилив;Фэнтези
2020;Операция «Медный кувшин»;Детская литература
2020;С Кощеем жить – злодейкой быть;Фэнтези
2020;Мой муж – злодей;Фэнтези
2020;Секрет зеленой обезьянки;Детская литература
2020;Это всегда была любовь;Любовные романы
2020;«Я всегда на стороне слабого». Дневники, беседы / 2-е издание, исправленное и дополненное;Биография и мемуары
2020;Герцогиня поневоле, или Проклятье Зверя;Фэнтези
2020;Целитель магических животных. Ожившая легенда;Фэнтези
2020;Секрет салона красоты;Детская литература
2020;Будь у меня твое лицо;Современная зарубежная и русская литература
2020;Проклятие пражской синагоги;Детективы
2020;Маленькая хозяйка большой таверны;Фэнтези
2020;Любовь: сделай сам. Как мы стали менеджерами своих чувств;Социология
2020;Руны судьбы;Фэнтези
2020;Высшая школа хаоса;Фэнтези
2020;Чума, или ООИ в городе;Современная зарубежная и русская литература
2020;Как завести дракона;Фэнтези
2020;Яд в его сердце;Детективы
2020;Чужие зеркала;Современная зарубежная и русская литература
2020;Формула добра. Приключения необычной собаки;Детская литература
2020;Я – бездна;Триллер
2020;Город Драконов. Книга вторая;Фэнтези
2020;Невеста для ректора;Фэнтези
2020;Забытый язык;Современная зарубежная и русская литература
2020;Найдите Лейлу;Детская литература
2020;Дьякон Кинг-Конг;Современная зарубежная и русская литература
2020;Падший;Фэнтези
2020;Это мое дело!;Любовные романы
2020;28 лет, каждое лето;Проза
2020;Царство Греха;Фэнтези
2020;Случайный брак с миллиардером;Любовные романы
2020;Заложница миллиардера;Любовные романы
2020;Добровольно проклятые;Детективы
2020;Я тебя расколдую;Фэнтези
2020;Зеркало наших печалей;Современная зарубежная и русская литература
2020;Киберспортсмен и недотрога;Любовные романы
2020;Тяжелый свет Куртейна (темный). Зеленый. Том 3;Фэнтези
2020;Квест Академия;Фэнтези
2020;Серьга Артемиды;Детективы
2020;Приглашение к драконам, или Попаданка по контракту;Фэнтези
2020;Соня, уйди! Софья Толстая: взгляд мужчины и женщины;Биография и мемуары
2020;Первая сверхдержава. История Российского государства. Александр Благословенный и Николай Незабвенный (адаптирована под iPad);Историческая литература
2020;Первая сверхдержава. История Российского государства. Александр Благословенный и Николай Незабвенный (адаптирована под iPad);Историческая литература
2020;Секс без людей, мясо без животных. Кто проектирует мир будущего;Публицистика
2020;Крылья для землянки;Фэнтези
2020;Тосканская графиня;Современная зарубежная и русская литература
2020;Избегание. 25 микропрактик, которые помогут действовать, несмотря на страх;Психология
2020;Декретные материалы;Юмор
2020;Реваншист;Фэнтези
2020;Метка богов;Фэнтези
2020;Маги Гипербореи;Фэнтези
2020;Ловушка счастья. Перестаем переживать – начинаем жить / 2-е издание, дополненное и переработанное;Психология
2020;Проклятый отбор;Фэнтези
2020;Мальчик из леса;Детективы
2020;Жена на замену: Мой огненный лорд;Фэнтези
2020;Расстрелять или жениться?;Фэнтези
2020;Избранница ректора: «Пустышка» в академии магии;Фэнтези
2020;Больно не будет;Любовные романы
2020;Аспирантура для попаданки. Замужество не предлагать!;Фэнтези
2020;Заноза для драконьего военачальника;Фэнтези
2020;Лейилин. Меня просто нет;Фэнтези
2020;Куратор для попаданки;Фэнтези
2020;Куратор для одаренных. Любовь не предлагать!;Фэнтези
2020;Лесные стражи;Детективы
2020;Замок дракона, или Суженый мой, ряженый;Фэнтези
2020;Секретарь на метле;Фэнтези
2020;Скунс и Барсук;Детская литература
2020;Дар. 12 ключей к внутреннему освобождению и обретению себя;Психология
2020;Хозяйка воздушного замка;Фэнтези
2020;Парадокс страха. Как одержимость безопасностью мешает нам жить;Психология
2020;Архивариус;Детективы
2020;300 дней и вся оставшаяся жизнь;Любовные романы
2020;Ведьма;Детская литература
2020;Техподдержка. Мертвая зона;Психология
2020;Первая смерть Лайлы;Детективы
2020;Зачем тебе алиби…;Любовные романы
2020;Воровка для дракона;Фэнтези
2020;Счастливый хвостик. Наука о том, как сделать вашу собаку счастливой;Руководство
2020;Ведьмин зов;Психология
2020;Айшет. Магия разума;Фэнтези
2020;Добыть Тарковского. Неинтеллигентные рассказы;Современная зарубежная и русская литература
2020;Вся твоя ложь;Детективы
2020;Колючий мед;Современная зарубежная и русская литература
2020;Корпулентные достоинства, или Знатный переполох;Фэнтези
2020;Новые впечатления с излишком;Фэнтези
2019;Нож;Триллер
2019;Безмолвный пациент;Триллер
2019;Магия книгоходцев;Фэнтези
2019;Киборг и его лесник;Фантастика
2019;Человек-невидимка;Фантастика
2019;Город женщин;Любовные романы
2019;Вьюрки;Ужасы
2019;Тихий город;Киберпанк
2019;45 татуировок личности. Правила моей жизни / 5-е издание;Психология
2019;Джейн Эйр;Классическая проза
2019;Наполеонов обоз. Книга 2. Белые лошади;Современная зарубежная и русская литература
2019;Музыка и мозг. Как музыка влияет на эмоции, здоровье и интеллект;Здоровье
2019;Проклятие одиночества и тьмы;Фэнтези
2019;Дом, в котором горит свет / Есть такое счастье: ты и твоя жизнь. Это не повторится;Современная зарубежная и русская литература
2019;Я подарю тебе крылья. Книга 1;Любовные романы
2019;Невеста ветра;Фэнтези
2019;Осенний Лис;Фэнтези
2019;Драконье серебро;Фэнтези
2019;Введение в психоанализ. С комментариями и объяснениями;Психология
2019;Искусство легких касаний / Сборник;Современная зарубежная и русская литература
2019;Дар;Публицистика
2019;Продвижение личных блогов в Инстаграм / Пошаговое руководство;Бизнес
2019;Любовь по обмену;Любовные романы
2019;Золотой стриж;Фэнтези
2019;Заставь меня влюбиться;Любовные романы
2019;Я подарю тебе крылья. Книга 2;Любовные романы
2019;Болотница;Ужасы
2019;Лето на Парк-авеню;Историческая литература
2019;Финист – ясный сокол;Современная зарубежная и русская литература
2019;Практический курс трансерфинга за 78 дней;Религия
2019;Королевская кровь. Горький пепел;Фэнтези
2019;Проклятый ректор;Фэнтези
2019;Опосредованно;Современная зарубежная и русская литература
2019;Влюбить за 90 секунд;Любовные романы
2019;Сердце лётного камня;Фэнтези
2019;Режиссёр сказал: одевайся теплее, тут холодно / Сборник;Юмор
2019;Стихотворения;Русская классика
2019;Король шрамов;Фэнтези
2019;Все цветы Парижа;Любовные романы
2019;Убивать осознанно;Триллер
2019;Кто-нибудь видел мою девчонку? 100 писем к Сереже;Историческая литература
2019;Записки книготорговца;Публицистика
2019;Талорис;Фэнтези
2019;ВкусВилл: Как совершить революцию в ритейле, делая всё не так;Бизнес
2019;Порог / Фантастический роман;Фантастика
2019;Книга для таких, как я;Публицистика
2019;Луч;Фантастика
2019;Академия Пяти Стихий. Искры огня;Фэнтези
2019;Мертвая вода;Детективы
2019;Вечера на хуторе близ Диканьки. Вий / Сборник;Юмор
2019;Махинация;Фэнтези
2019;От одного Зайца;Проза
2019;Жизнь в кайф. Инструкция, которую вы должны были получить при рождении;Психология
2019;Конклав;Любовные романы
2019;Случай из практики. Караванная тропа;Фэнтези
2019;Академия родная;Юмор
2019;Маги без времени;Фэнтези
2019;Мозг материален / О пользе томографа, транскраниального стимулятора и клеток улитки для понимания человеческого поведения;Здоровье
2019;Дом соли и печали;Фэнтези
2019;Нормально о косметике / Как разобраться в уходе и макияже и не сойти с ума;Косметика и косметология
2019;Я беременна, что делать?;Здоровье
2019;Танец белых карликов;Фэнтези
2019;Сияние Черной звезды;Фэнтези
2019;Кусатель ворон;Детская литература
2019;Архимаг ищет невесту;Фэнтези
2019;Приоткрытая дверь;Фэнтези
2019;Королевство Бездуш. Lastfata;Фэнтези
2019;Я – твой должник;Юмор
2019;Фальшивый папа;Детективы
2019;Драконовы сны;Фэнтези
2019;Наполеонов обоз. Книга 3. Ангельский рожок;Современная зарубежная и русская литература
2019;Двое могут хранить секрет;Триллер
2019;Хранитель Чёрной поляны;Фэнтези
2019;Так берегись;Фэнтези
2019;Темный маг;Фэнтези
2019;Воображаемый друг;Триллер
2019;Разрешите влюбиться;Проза
2019;Опасное соседство;Детективы
2019;Принц и Лишний;Фэнтези
2019;С тобой? Никогда!;Любовные романы
2019;Влюбиться в искусство: от Рембрандта до Энди Уорхола;Искусство и дизайн
2019;Город Драконов. Книга первая;Фэнтези
2019;Всё хреново. Книга о надежде;Психология
2019;Пригласи меня войти;Триллер
2019;Терновая ведьма. Исгерд;Фэнтези
2019;Тяжелый свет Куртейна. Желтый;Фэнтези
2019;Особые обстоятельства;Фэнтези
2019;Малое собрание сочинений;Искусство и дизайн
2019;Риск;Любовные романы
2019;К дзену на шпильках. Как создать новую жизнь и дело мечты с нуля;Психология
2019;Поцелуй под омелой;Проза
2019;Немного ненависти;Фэнтези
2019;FreshLife28. Как начать новую жизнь в понедельник и не бросить во вторник;Спорт
2019;Другая правда. Том 1;Детективы
2019;Операция «Артефакт»;Фэнтези
2019;Отчаянная девчонка;Детективы
2019;Пандемониум. Силуэт в разбитом зеркале;Фэнтези
2019;Секрет похищенной дискеты;Детская литература
2019;Мы вышли покурить на 17 лет… / Сборник;Современная зарубежная и русская литература
2019;Академия Легиона;Фэнтези
2018;Стигмалион;Триллер
2018;Злой король;Фэнтези
2018;Тобол. Том 2. Мало избранных;Проза
2018;Ученица. Предать, чтобы обрести себя;Современная зарубежная и русская литература
2018;Сердце хирурга / Оригинальное издание;Современная зарубежная и русская литература
2018;Защита от темных искусств. Путеводитель по миру паранормальных явлений;Научно-популярная литература
2018;Дарители. Сердце бури;Детская литература
2018;Дети мои;Современная зарубежная и русская литература
2018;С жизнью наедине;Современная зарубежная и русская литература
2018;Красная таблетка. Посмотри правде в глаза!;Психология
2018;Трансерфинг реальности. Ступень II: Шелест утренних звезд;Психология
2018;Мертвые Игры. Книга третья. О темных лордах и магии крови;Фэнтези
2018;Смертельная белизна;Детективы
2018;Жестокий принц;Фэнтези
2018;Щелкунчик и Мышиный король / Nu?knacker und Mausek?nig;Детская литература
2018;Калечина-Малечина;Современная зарубежная и русская литература
2018;Королевская кровь. Огненный путь;Любовные романы
2018;Мертвый ноль;Фэнтези
2018;Сердца трёх / Hearts of three;Современная русская и классическая проза
2018;Чужак;Триллер
2018;Не жизнь, а сказка;Биография и мемуары
2018;Пищеблок;Современная зарубежная и русская литература
2018;Кости и Звёздная пыль;Детективы
2018;Семь смертей Эвелины Хардкасл;Детективы
2018;Ореховый Будда;Детективы
2018;Чертоги разума. Убей в себе идиота!;Психология
2018;Королевская кровь. Темное наследие;Любовные романы
2018;О чем говорят бестселлеры / Как всё устроено в книжном мире;Публицистика
2018;Пока течет река;Современная зарубежная и русская литература
2018;Долина драконов. Магическая Практика;Любовные романы
2018;Брисбен;Современная зарубежная и русская литература
2018;Карта дней;Фэнтези
2018;Дни Савелия;Современная зарубежная и русская литература
2018;Внутри убийцы;Триллер
2018;Шаги в пустоте;Детская литература
2018;Краткие ответы на большие вопросы;Публицистика
2018;Тайные виды на гору Фудзи;Современная зарубежная и русская литература
2018;Исчезновение Стефани Мейлер;Детективы
2018;Никогда-нибудь. Как выйти из тупика и найти себя;Психология
2018;Кайнозой;Фантастика
2018;Бессмертники;Современная зарубежная и русская литература
2018;Наполеонов обоз. Книга 1. Рябиновый клин;Современная зарубежная и русская литература
2018;Сердце Огня;Фэнтези
2018;Три новеллы;Современная зарубежная и русская литература
2018;В могиле не опасен суд молвы;Детективы
2018;Кто не спрятался. История одной компании;Триллер
2018;Страдающее Средневековье. Парадоксы христианской иконографии;Культурология
2018;Город за изгородью;Современная зарубежная и русская литература
2018;Струны волшебства. Книга первая. Страшные сказки закрытого королевства;Фэнтези
2018;Спаси меня;Любовные романы
2018;Не такая, как все;Современная зарубежная и русская литература
2018;Ученица боевого мага;Любовные романы
2018;Беглянка;Фэнтези
2018;Золотая башня;Детская литература
2018;Лунный ветер;Фэнтези
2018;Королевские камни;Фэнтези
2018;Осторожно, женское фэнтези!;Фэнтези
2018;Туманная долина;Детская литература
2018;Мой муж – Федор Достоевский. Жизнь в тени гения;Биография и мемуары
2018;Попутчица. Рассказы о жизни, которые согревают;Юмор
2018;Время колоть лед;Публицистика
2018;Центр тяжести;Современная зарубежная и русская литература
2018;Женщины непреклонного возраста и др. беспринцЫпные рассказы;Юмор
2018;Ореховый лес;Современная русская и классическая проза
2018;Академия черного дракона. Ведьма темного пламени;Фэнтези
2018;Долина драконов. Магическая Экспедиция;Фэнтези
2018;Пандемониум. Верховная Мать Змей;Детская литература
2018;Сталь и Солнечный шторм;Фэнтези
2018;21 урок для XXI века;Публицистика
2018;Долина драконов. Магическая сделка;Фэнтези
2018;Мертвая земля;Детективы
2018;Гель-Грин, центр земли (сборник);Современная зарубежная и русская литература
2018;Академия черного дракона. Ставка на ведьму;Фэнтези
2018;Глиняный мост;Современная зарубежная и русская литература
2018;Девушка в башне;Фэнтези
2018;Тень ингениума;Фэнтези
2018;Университет Льда: Холода не существует;Фэнтези
2018;Последняя рукопись;Триллер
2018;Тёмный ручей;Триллер
2018;Один день в декабре;Любовные романы
2018;Тяжелый свет Куртейна. Синий;Фэнтези
2018;Пикантная особенность, или Ревизор в академии;Фэнтези
2018;Пересеку время ради тебя;Фантастика
2018;Лори;Современная зарубежная и русская литература
2018;Академия магических секретов. Раскрыть тайны;Фэнтези
2018;Песнь златовласой сирены. Жар огня;Фэнтези
2018;Высшая правовая магическая академия. Тайны высшего света;Фэнтези
2018;280 дней до вашего рождения. Репортаж о том, что вы забыли, находясь в эпицентре событий;Научная литература
2018;Шепот пепла;Фэнтези
2018;Трансформатор. Как создать свой бизнес и начать зарабатывать;Бизнес
2018;Опиумная война;Фэнтези
2018;Тайна двух океанов. Лучшая классика с комментариями для школьников;Детская литература
2018;Одна история;Современная зарубежная и русская литература
2018;Моя бабушка – Лермонтов;Проза
2018;На руинах Мальрока;Фантастика
2018;Восход Черной звезды;Фэнтези
2018;Троица. Будь больше самого себя;Научная литература
2018;Остров Сахалин;Фантастика
2018;Синдром Алисы;Триллер
2018;Ангел;Фантастика
2017;Поллианна / Pollyanna;Детская литература
2017;Мартин Иден / Martin Eden;Современная русская и классическая проза
2017;Дарители. Игра мудрецов;Детская литература
2017;Тобол. Том 1. Много званых;Современная зарубежная и русская литература
2017;Дарители. Земля забытых;Современная зарубежная и русская литература
2017;Элеанор Олифант в полном порядке;Современная зарубежная и русская литература
2017;Посмотри на него;Фэнтези
2017;Дальше жить;Современная зарубежная и русская литература
2017;Сундук мертвеца;Детская литература
2017;Петровы в гриппе и вокруг него;Современная зарубежная и русская литература
2017;Полет сквозь камни;Фэнтези
2017;Космоолухи: рядом. Том 2;Фантастика
2017;Космоолухи: рядом. Том 1;Фантастика
2017;Отдай мое сердце;Фэнтези
2017;Жажда;Триллер
2017;Когда я вернусь, будь дома;Современная зарубежная и русская литература
2017;Королевская кровь. Проклятый трон;Фэнтези
2017;С любовью, Лара Джин;Любовные романы
2017;Обрученные кровью. Отбор;Фэнтези
2017;Урок восьмой: Как выйти замуж за темного лорда;Фэнтези
2017;Один из нас лжет;Детективы
2017;Сеть и бабочка: Как поймать гениальную идею. Практическое пособие;Психология
2017;45 татуировок продавана. Правила для тех, кто продает и управляет продажами / 4-е издание;Бизнес
2017;Обрученные кровью. Выбор;Фэнтези
2017;И повсюду тлеют пожары;Современная зарубежная и русская литература
2017;Королевская кровь. Связанные судьбы;Фэнтези
2017;Королевство крыльев и руин;Фэнтези
2017;Королевская кровь. Медвежье солнце;Фэнтези
2017;Вратарь и море;Детская литература
2017;Миф. Греческие мифы в пересказе;Юмор
2017;Джедайские техники. Как воспитать свою обезьяну, опустошить инбокс и сберечь мыслетопливо / 7-е издание, исправленное и дополненное;Психология
2017;Дневник Анны Франк: графическая версия;Публицистика
2017;Дневник книготорговца;Биография и мемуары
2017;Слово живое и мертвое;Культурология
2017;Учитель Дымов;Современная зарубежная и русская литература
2017;iPhuck 10;Современная зарубежная и русская литература
2017;Пандемониум. Город темных секретов;Детская литература
2017;Мёртвое озеро;Триллер
2017;Мы против вас;Современная зарубежная и русская литература
2017;Книга Пыли. Прекрасная дикарка;Фэнтези
2017;Академия магических секретов. Раскрыть тайны;Фэнтези
2017;Письма о добром;Публицистика
2017;Адептка;Фэнтези
2017;Право Черной Розы;Фэнтези
2017;Приморская академия, или Ты просто пока не привык;Фэнтези
2017;Игра в сумерках;Детская литература
2017;Серебряная маска;Детская литература
2017;Расколотое королевство;Любовные романы
2017;Отвергнутый наследник;Любовные романы
2017;Сотворение света;Фэнтези
2017;Язык шипов / Полуночные сказки и темное волшебство. Повести;Фэнтези
2017;Это по-настоящему;Любовные романы
2017;Призрачный омут;Детективы
2017;Годсгрейв;Фэнтези
2017;Вальс гормонов. Вес, сон, секс, красота и здоровье как по нотам;Здоровье
2017;Бессмертный огонь;Фэнтези
2017;Страна Сказок. Столкновение миров;Детская литература
2017;Ответ. Проверенная методика достижения недостижимого;Психология
2017;Моя [не]идеальная жизнь;Юмор
2017;Обманутая;Фэнтези
2017;Шепот в темноте;Фэнтези
2017;Мой лучший друг – желудок. Еда для умных людей;Здоровье
2017;Я ем тишину ложками;Современная зарубежная и русская литература
2017;П. Ш. #Новая жизнь. Обратного пути уже не будет!;Психология
2017;Любовница снежного лорда;Фэнтези
2017;Девушка в лабиринте;Детективы
2017;Хрупкие жизни. Истории кардиохирурга о профессии, где нет места сомнениям и страху;Биография и мемуары
2017;Песнь златовласой сирены. Тайна воды;Фэнтези
2017;Ведьма огненного ветра;Фэнтези
2017;Квартира в Париже;Современная зарубежная и русская литература
2017;Имя для Лис;Фэнтези
2017;Элиза и ее монстры;Современная зарубежная и русская литература
2017;Каникулы в Раваншире, или Свадьбы не будет!;Фэнтези
2017;Июнь;Романы
2017;Книга рецептов стихийного мага;Фэнтези
2017;Южнорусское Овчарово;Современная зарубежная и русская литература
2017;Темная буря;Фэнтези
2017;Бабий ветер;Современная зарубежная и русская литература
2017;Ведьма в шоколаде;Фэнтези
2017;Сыскарь чародейского приказа;Фэнтези
2017;Пирог из горького миндаля;Детективы
2017;Темные воды;Детективы
2017;Истории Дракона Вечности;Фэнтези
2017;Шеф-нож демонолога;Фэнтези
2017;Мистер Смерть и чокнутая ведьма;Фэнтези
2017;Вакансия для призрака;Фэнтези
2017;Невеста без места;Любовные романы
2017;Черепахи – и нет им конца;Современная зарубежная и русская литература
2017;Эрна Штерн и два ее брака;Фэнтези
2017;Lykke. В поисках секретов самых счастливых людей;Психология
2017;Зов Ктулху / The Call of Chulhu;Языкознание
2017;Мы будем любить всегда;Детская литература
2017;Эринеры Гипноса;Фэнтези
2017;100 способов изменить жизнь. Часть 2;Психология
2017;Викинги / Сборник;Фэнтези
2017;Чудовища из Норвуда;Фэнтези
2017;Седмица Трехглазого (адаптирована под iPad);Детективы
2017;Профессиональный некромант. Мэтр на учебе;Фэнтези
2017;Фанзолушка;Любовные романы
2017;Профессиональный некромант. Мэтр на свободе;Фэнтези
2013;Часограмма;Детская литература
2013;: Бабушка велела кланяться и передать, что просит прощения;Проза
2013;Виноваты звезды;Проза
2013;Сезон гроз;Фэнтези
2013;Последняя камелия;Любовные романы
2013;Хорошо быть тихоней;Проза
2013;Лунные хроники. Красная шапочка;Фэнтези
2013;Головоломка;Детективы
2013;Зильбер. Первый дневник сновидений;Мистика
2013;Тубурская игра;Фэнтези
2013;Океан в конце дороги;Фэнтези
2013;Утреннее сияние;Фэнтези
2013;Тайна моего мужа;Любовные романы
2013;Исчезнувшая;Триллер
2013;Я вещаю из гробницы;Детективы
2013;Руководство астронавта по жизни на Земле. Чему научили меня 4000 часов на орбите;Научная литература
2013;Пассажир;Детективы
2013;Страна Сказок. Возвращение Колдуньи;Детская литература
2013;Полиция;Детективы
2013;Ведьмак. Сезон гроз / 2-е издание, исправленное;Фэнтези
2013;Агрессор;Любовные романы
2013;Элита;Любовные романы
2013;Но молоко, к счастью…;Детская литература
2013;Те, кто уходит, и те, кто остается;Проза
2013;Чернильная смерть;Детская литература
2013;Проект «Рози»;Проза
2013;НИ СЫ. Будь уверен в своих силах и не позволяй сомнениям мешать тебе двигаться вперед;Психология
2013;Часть Европы. История Российского государства. От истоков до монгольского нашествия (адаптирована под iPad);Научная литература
2013;Дом на перекрестке;Фэнтези
2013;Распутья. Добрые соседи;Фэнтези
2013;До тебя;Любовные романы
2013;Дом на перекрестке. Резиденция феи;Фэнтези
2013;Фотосинтез;Научная литература
2013;Изящное искусство смерти;Детективы
2013;Сила подсознания, или Как изменить жизнь за 4 недели;Фэнтези
2013;Китайское исследование / Результаты самого масштабного исследования связи питания и здоровья;Фэнтези
2013;Иллюзион;Фэнтези
2013;Играть, чтобы жить. Книга 1. Срыв;Фэнтези
2013;Зов кукушки;Детективы
2013;Таня Гроттер и пенсне Ноя;Фэнтези
2013;Трианон;Фэнтези
2013;Играть, чтобы жить. Книга 2. Клан;Фэнтези
2013;Я путешествую одна;Детективы
2013;Время секонд хэнд;Современная зарубежная и русская литература
2013;Дочь воина, или Кадеты не сдаются;Фэнтези
2013;Будущее;Фэнтези
2013;Огненный Легион;Фэнтези
2013;Рассказчица;Современная зарубежная и русская литература
2013;Играть, чтобы жить. Книга 3. Долг;Фэнтези
2013;Упасть в небо;Фэнтези
2013;Ладья света;Детская литература
2013;Игрушка императора;Любовные романы
2013;Эллигент;Фэнтези
2013;Париж;Современная зарубежная и русская литература
2013;Американха;Современная зарубежная и русская литература
2013;Узоры тьмы;Фэнтези
2013;Бэтман Аполло;Любовные романы
2013;Тринадцатая невеста;Любовные романы
2013;Сильнее страха;Детективы
2013;Легкие горы;Проза
2013;Книга Семи Дорог;Детская литература
2013;Теория зла;Детективы
2013;Путь Шамана. Гамбит Картоса;Фэнтези
2013;Мемуары леди Трент;Фэнтези
2013;Хроники Раздолбая;Современная зарубежная и русская литература
2013;О вкусах не спорят, о вкусах кричат;Любовные романы
2013;Магиня для эмиссара;Любовные романы
2013;Чёрный Янгар;Любовные романы
2013;Происхождение всех вещей;Проза
2013;Экстремальное интервью, или Девушка для героя;Любовные романы
2013;Виновато море;Детективы
2013;Преданная;Современная зарубежная и русская литература
2013;Жизненный план;Проза
2013;Алета;Фэнтези
2013;Путь Кассандры, или Приключения с макаронами;Фэнтези
2013;Вавилонские книги. Книга 1. Восхождение Сенлина;Фэнтези
2013;Фантастические создания (сборник);Фэнтези
2013;Сантехник. Твоё моё колено;Проза
2013;Жизнь коротка (сборник);Проза
2013;NOS4A2. Носферату, или Страна Рождества;Триллер
2013;Таинственное пламя царицы Лоаны;Проза
2013;Выйди из зоны комфорта. Измени свою жизнь / 21 метод повышения личной;Современная зарубежная и русская литература
2013;Лавандовая комната;Проза
2013;Умри красиво;Фэнтези
2013;Наша Светлость;Фэнтези
2013;Бездушные;Фэнтези
2013;Судьба клана;Фэнтези
2013;Автобиография;Спорт
2013;Тетя Ася, дядя Вахо и одна свадьба;Проза
2013;Пропавший изумруд;Детективы
2013;Волк;Фэнтези
2013;Леди и война. Пепел моего сердца;Фэнтези
2013;Личный секретарь младшего принца;Современная зарубежная и русская литература
2013;Безумно богатые азиаты;Современная зарубежная и русская литература
2013;Леди и война. Цветы из пепла;Фэнтези
2013;Сайтаншесская роза. Эпизод I;Фэнтези
2013;Беллмен и Блэк, или Незнакомец в черном;Мистика
2013;Счастливые люди читают книжки и пьют кофе;Современная зарубежная и русская литература
2013;Теллурия;Любовные романы
2013;Сайтаншесская роза. Эпизод II;Любовные романы
2023;Риджийский гамбит. Дифференцировать тьму;Фэнтези
2023;Риджийский гамбит. Интегрировать свет;Фэнтези
2023;Первоклассница / Рассказы;Детская литература
2023;Жизнь Антона Чехова / Третье, дополненное издание;Биография и мемуары
2023;Орк ее мечты;Романы
2023;Валентин;Романы
2023;Первая ведьма;Романы
2023;Ведьма и закон;Фэнтези
2023;Калинова Яма;Детективы
2023;Четырнадцать дней до…;Романы
2023;Любовь в седьмом вагоне / Сборник;Романы
2023;Только не ты;Романы
2023;Чудище или Одна сплошная рыжая беда;Романы
2023;Кафка / 3-е издание;Публицистика
2023;Отсчёт. Жатва;Фэнтези
2023;Бел-горюч камень;Проза
2023;Стейк для темного бога;Фэнтези
2023;Ведьма и закон. Игры вестников;Романы
2023;Криптвоюматика 4.1. Стань сыном маминой подруги;Бизнес
2023;Политика поэтики / Второе издание;Научная литература
2023;HR как он есть / 3-е издание;Бизнес
2023;Путь джедая. Поиск собственной методики продуктивности / 5-е издание, исправленное и дополненное;Психология
2023;Год некроманта. Книга 1. Ворон и ветвь;Фэнтези
2023;Факультет изгнанных;Романы
2023;Миллениалы. Как меняется российское общество / Третье издание, переработанное и дополненное;Научная литература
2023;Идеальный кандидат. Перезагрузка карьеры / 5-е издание;Психология
2023;Принципы и приемы анализа литературного произведения / 17-е издание, стереотипное;Детская литература
2023;Со мною вот что происходит… / Сборник стихов;Стихи
2023;Мэри. Танцы на лезвии;Романы
2023;Брюнетка в боевой академии. Любимая игрушка повелителя;Романы
2023;Я не умею прощать;Романы
2023;Мама стреляет сразу в голову;Фэнтези
2023;Смертный страж – 2. Привратник;Фэнтези
2023;Второй шанс;Романы
2023;Практикующий. Сделка с вороном;Романы
2023;Управление вниманием;Психология
2023;Голод. Нетолстый роман;Современная зарубежная и русская литература
2023;Попаданка для Темного Князя, или Жена на заказ;Фэнтези
2023;Танец масок;Фэнтези
2023;Антимаг. Клан;Фэнтези
2023;Марго. Люблю – ненавижу;Романы
2023;Свет мой тишина;Детективы
2023;Возрождение Тёмной;Фэнтези
2023;Призрак Заратустры;Детективы
2023;Купленная помощница для президента;Романы
2023;Мама для Одуванчика;Романы
2023;Смертный страж – 1. Белый Волк;Фэнтези
2023;Черная сирень;Фантастика
2023;Чёрный восход;Фэнтези
2023;Нулевой мир 8. Мера Человек: Зов;Фэнтези
2023;Верни мою жизнь;Фэнтези
2023;Смертный страж – 3. Воля смертных;Фэнтези
2023;Непрошеные советы Веры Вонг;Детективы
2023;Адам и Ева в социуме;Психология
2023;Элирм VII. (Бесплатный фрагмент);Фэнтези
2023;Любовь не по плану;Романы
2023;Любовь с подвохом;Фэнтези
2023;Давай разведёмся;Романы
2023;Рубин;Романы
2023;Всемирная история для тех, кто не учил её в школе;Историческая литература
2023;Французская баллада;Современная зарубежная и русская литература
2023;Встретишь демона – убей!;Романы
2023;Печать Демона. Воительница;Фэнтези
2023;Красавец для чудовища;Романы
2023;Не будите спящего дракона. Часть первая;Фэнтези
2023;Демон со вкусом клубники;Фэнтези
2023;Инсомния;Фэнтези
2023;Волшебный лес и муж в придачу;Романы
2023;Маски. Книга 3. Дрозд и малиновка;Романы
2023;Смертный страж – 4. Храм Океанов;Фэнтези
2023;Финальный танец;Романы
2023;Семь великолепных сказок о феях деревьев;Детская литература
2023;Мостя;Фэнтези
2023;Не будите спящего дракона. Часть вторая;Романы
2023;Кризис повествования. Как неолиберализм превратил нарративы в сторителлинг;Научная литература
2023;Заставь меня полюбить;Фэнтези
2023;Синдикат. Объединение;Фантастика
2023;Обними меня! Успокой меня! – 2 – Кибержизнь кибердевочки;Фэнтези
2023;Месть Солнцу – 2. Миссия невыполнима;Современная зарубежная и русская литература
2023;Отставник 3;Фантастика
2023;Агентство «Разбитые сердца»;Фэнтези
2023;Неприятности по контракту;Романы
2023;Капитал. Как сколотить капитал, как его не потерять, и почему нам его так не хватает;Бизнес
2023;Из-под палочки;Фэнтези
2023;Гром 1. Адаптант;Фантастика
2023;Грани власти;Фэнтези
2023;Освободи красавицу. Практикум. 5 шагов за 5 недель, 25 инструментов;Психология
2023;Морозов;Фэнтези
2023;Зимняя сага;Современная зарубежная и русская литература
2023;Лисья кровь;Фэнтези
2023;Маленькая ведьма;Романы
2023;Бывший нынешний муж;Романы
2023;Последняя из рода Дариан. Книга 2. Лабиринт;Романы
2023;Новый средневековый бестиарий. Истории и легенды о тварях божьих и мифических созданиях;Историческая литература
2023;Тайны сыска. Дело гонца;Детективы
2023;Осторожно, кошки;Фантастика
2023;Фледлунд;Триллер
2023;Контрактер Душ 3;Фэнтези
2023;Филфак;Современная зарубежная и русская литература
2023;Британские элиты: факторы глобального превосходства. От Плантагенетов до Скрипалей / 3-е издание, исправленное;Публицистика
2016;Дарители. Короли будущего;Фэнтези
2016;Дарители. Дар огня;Детская литература
2016;Космоолухи: до, между, после;Фантастика
2016;Дом на краю ночи;Детективы
2016;Медвежий угол;Проза
2016;Космотехнолухи. Том 2;Фантастика
2016;Космотехнолухи. Том 1;Фантастика
2016;Обжора-хохотун;Фэнтези
2016;Самостоятельный ребенок, или Как стать «ленивой мамой»;Психология
2016;Потерянные боги;Мистика
2016;Подстрочник. Жизнь Лилианны Лунгиной, рассказанная ею в фильме Олега Дормана;Биография и мемуары
2016;Похититель детей;Фэнтези
2016;Урок шестой: Как обыграть принца Хаоса;Романы
2016;Гончие Лилит;Триллер
2016;Собор Парижской Богоматери (адаптированный пересказ);Детская литература
2016;Морфий (сборник);Проза
2016;Я иду искать;Фэнтези
2016;Королевская кровь. Сорванный венец;Романы
2016;Прыжок над звёздами;Фантастика
2016;Зулали (сборник);Современная зарубежная и русская литература
2016;Сломленный принц;Романы
2016;В интернете кто-то неправ! / Научные исследования спорных вопросов;Научная литература
2016;Королевство гнева и тумана;Фэнтези
2016;Книгоходцы и тайна механического бога;Романы
2016;Урок седьмой: Опасность кровного наследия;Фэнтези
2016;Королевская кровь. Скрытое пламя;Фэнтези
2016;Настоящая черная ведьма;Романы
2016;С ума сойти! Путеводитель по психическим расстройствам для жителя большого города;Психология
2016;Пост сдал;Детективы
2016;Вся кремлевская рать. Краткая история современной России / 2-е издание;Биография и мемуары
2016;Сновидение;Детективы
2016;Продавец обуви. История компании Nike, рассказанная ее основателем;Бизнес
2016;Как начать жить и не облажаться;Психология
2016;Книгоходцы особого назначения;Фэнтези
2016;Расскажи мне о море;Проза
2016;Бронзовый ключ;Детская литература
2016;Что скрывает кожа. 2 квадратных метра, которые диктуют, как нам жить;Научная литература
2016;Ворон;Фэнтези
2016;Лабиринт призраков;Современная зарубежная и русская литература
2016;Трижды пестрый кот мяукнул;Детективы
2016;Hygge. Секрет датского счастья;Психология
2016;Хроники книгоходцев;Романы
2016;Последний из могикан (адаптированный пересказ);Детская литература
2016;Мы остаемся свободными;Фантастика
2016;Девушка из Бруклина;Проза
2016;Неночь;Фэнтези
2016;Разрушенный дворец;Романы
2016;Сумма биотехнологии. Руководство по борьбе с мифами о генетической модификации растений, животных и людей;Научная литература
2016;Тени сгущаются;Фэнтези
2016;Факел в ночи;Фантастика
2016;Опрокинутый горизонт;Романы
2016;Меняя лица;Современная зарубежная и русская литература
2016;Лейна;Фэнтези
2016;Тонкое искусство пофигизма. Парадоксальный способ жить счастливо;Психология
2016;Алая зима;Фэнтези
2016;Маэстро теней;Детективы
2016;Загадка закрытого ящика;Детская литература
2016;Красные цепи;Триллер
2016;Мы, дети золотых рудников;Современная зарубежная и русская литература
2016;КВАЗИ;Фантастика
2016;Человек-комбини;Современная зарубежная и русская литература
2016;Призрачное эхо;Фэнтези
2016;Мой любимый враг;Проза
2016;Странная история доктора Джекила и мистера Хайда (сборник);Фантастика
2016;Академия магического права. Брюнетка в бою;Фэнтези
2016;Плохая мать;Проза
2016;Три правды о себе;Современная зарубежная и русская литература
2016;Назад к тебе;Романы
2016;Большое волшебство;Психология
2016;Девушка Online. Статус: свободна;Романы
2016;Империя бурь;Проза
2016;Путь Шамана. Начало Пути;Фэнтези
2016;Тайна проклятого герцога. Книга вторая. Герцогиня оттон Грэйд;Фэнтези
2016;Потерянные поколения;Фантастика
2016;Тихие слова любви;Романы
2016;Солнце тоже звезда;Проза
2016;Развивающие занятия «ленивой мамы»;Психология
2016;Как повесить ведьму;Детективы
2016;Пакс;Детская литература
2016;Пожарный;Триллер
2016;Девушки сирени;Современная зарубежная и русская литература
2016;Жена воина, или Любовь на выживание;Фэнтези
2016;Корона;Современная зарубежная и русская литература
2016;Стать Демиургом;Фэнтези
2016;Мы, дети золотых рудников;Современная зарубежная и русская литература
2016;Дэлл;Романы
2016;Сказки старого Вильнюса IV;Фэнтези
2016;Ловушка для духа;Фэнтези
2016;Календарь ма(й)я;Детская литература
2016;Selfmama. Лайфхаки для работающей мамы;Психология
2016;Шум времени;Романы
2016;Китайское исследование / Обновленное и расширенное издание. Классическая книга о здоровом питании;Научная литература
2016;Медведь и Соловей;Фэнтези
2016;Компас сердца. История о том, как обычный мальчик стал великим хирургом, разгадав тайны мозга и секреты сердца;Бизнес
2016;Спящая во льдах;Детская литература
2016;ПАНК 57;Романы
2016;Девушка из каюты № 10;Триллер
2016;Высшая правовая магическая академия. Работа под прикрытием;Романы
2016;Белгравия;Проза
2016;Песнь златовласой сирены. Сила Земли;Фэнтези
2015;Тайная опора. Привязанность в жизни ребенка;Психология
2015;Идиот (адаптированный текст);Проза
2015;Шестерка воронов;Современная зарубежная и русская литература
2015;Мальчик на вершине горы;Проза
2015;Соловей;Проза
2015;Джейн Эйр (адаптированный пересказ);Детская литература
2015;Книга Балтиморов;Боевик
2015;Медная перчатка;Детская литература
2015;Вся правда о нас;Фэнтези
2015;Дети капитана Гранта (адаптированный пересказ);Детская литература
2015;Урок третий: Тайны бывают смертельными;Фэнтези
2015;Крылья;Фэнтези
2015;Урок четвертый: Как развести нечисть на деньги;Романы
2015;Урок второй: Не ввязывайся в сомнительные расследования;Романы
2015;Урок пятый: Как не запутаться в древних клятвах;Романы
2015;Зулейха открывает глаза;Современная зарубежная и русская литература
2015;Авиатор;Современная зарубежная и русская литература
2015;Чародольский князь;Фэнтези
2015;P. S. Я все еще люблю тебя;Проза
2015;Приключения Гекльберри Финна (адаптированный пересказ);Детская литература
2015;Мы можем жить среди людей;Фантастика
2015;Боевая практика книгоходцев;Романы
2015;Академия стихий. Испытание огня;Фэнтези
2015;Дом у озера;Детективы
2015;Чародольский браслет;Фэнтези
2015;На службе зла;Детективы
2015;Русская канарейка. Блудный сын;Современная зарубежная и русская литература
2015;Девушка в тумане;Триллер
2015;Мой лучший враг;Романы
2015;Всё о Манюне (сборник);Детская литература
2015;Слишком много кошмаров;Фэнтези
2015;Таня Гроттер и Золотая Пиявка;Детская литература
2015;Homo Deus. Краткая история будущего;Научная литература
2015;Девушка Online. В турне;Романы
2015;Высшая Школа Библиотекарей. Магия книгоходцев;Фэнтези
2015;Лестница Якова;Современная зарубежная и русская литература
2015;Янтарь и Льдянка. Школа для наследников;Фэнтези
2015;Королевство шипов и роз;Фэнтези
2015;Синее пламя;Фэнтези
2015;100 способов изменить жизнь. Часть 1 / 6-е издание, исправленное и дополненное;Психология
2015;Дерево лжи;Детская литература
2015;Тук-тук, сердце! Как подружиться с самым неутомимым органом и что будет, если этого не сделать;Научная литература
2015;Здесь и сейчас;Проза
2015;Бездна Челленджера;Детская литература
2015;Полмира;Современная зарубежная и русская литература
2015;Хюгге, или Уютное счастье по-датски. Как я целый год баловала себя «улитками», ужинала при свечах и читала на подоконнике;Публицистика
2015;Королева теней;Фэнтези
2015;Падение;Романы
2015;Интуитивное питание. Как перестать беспокоиться о еде и похудеть;Психология
2015;О любви и смерти (сборник);Фантастика
2015;Академия магического права. Брюнетка в защите;Романы
2015;Одиссея. Перевод А.А. Сальникова;Приключения
2015;Лонтано;Детективы
2015;Лавка дурных снов (сборник);Фэнтези
2015;Пантеон;Фантастика
2015;Влюбленные в книги не спят в одиночестве;Романы
2015;Воспоминания о войне;Историческая литература
2015;Кости зверя;Проза
2015;Наследница;Проза
2015;Мертвые Игры. Книга вторая. О магах-отступниках и таинственных ритуалах;Фэнтези
2015;Катушка синих ниток;Проза
2015;После – долго и счастливо;Романы
2015;Армагеддон;Детская литература
2015;В темном-темном лесу;Детективы
2015;Мальчик по имени Рождество;Детская литература
2015;Ненастье;Современная зарубежная и русская литература
2015;Здоровье ребенка и здравый смысл его родственников;Научная литература
2015;Дар психотерапии;Психология
2015;Как привести дела в порядок: искусство продуктивности без стресса;Бизнес
2015;Академия магического права. Брюнетка в законе;Фэнтези
2015;Безгрешность;Проза
2015;В полушаге от любви;Фэнтези
2015;Опасно быть студентом;Фэнтези
2015;Счастье Муры;Детская литература
2015;Рождение сложности. Эволюционная биология сегодня: неожиданные открытия и новые вопросы;Научная литература
2015;Повелевающая огнем;Детская литература
2015;Высшая правовая магическая академия. Оперативные будни;Фэнтези
2015;Бох и Шельма (сборник);Проза
2015;Тайна проклятого герцога. Книга первая. Леди Ариэлла Уоторби;Фэнтези
2015;Пандемия;Триллер
2015;Ошибка грифона;Детская литература
2015;Она & Он;Проза
2015;Внучка берендеева в чародейской академии;Фэнтези
2015;Летняя практика;Фэнтези
2015;Покорность;Фантастика
2015;Я тебя выдумала;Проза
2015;Запад и Восток;Фэнтези
2015;Осточерчение;Стихи
2015;Пастушья корона;Фэнтези
2015;Корейские секреты красоты;Проза
2015;Корни зла;Фэнтези
2015;Создатель кошмаров;Фэнтези
2015;Хитроумный идальго Дон Кихот Ламанчский / Don Quijote de la Mancha;Проза
2015;Молот ведьм;Боевик
2015;Метро 2035;Фантастика
2015;Тень горы;Приключения
2015;Золотой Сын;Фантастика
2015;Думай как математик: Как решать любые задачи быстрее и эффективнее;Бизнес
2015;Мифы об эволюции человека;Научная литература
2015;Играть, чтобы жить. Книга 6. Война;Фэнтези
